{"branches": 47.680412371134025, "coverage": 55.38511222347812}