{"branches": 49.48979591836735, "coverage": 71.739816861383}